{
  "results": [
    {
      "command": "build/hashscan test/large.txt",
      "mean": 3.0612925068999988,
      "stddev": 0.10326169836432102,
      "median": 3.0332135869599997,
      "user": 3.0400748199999987,
      "system": 0.020958989999999997,
      "min": 2.75040255396,
      "max": 3.2391674779599997,
      "times": [
        3.0167827999599997,
        3.18738747296,
        3.1863986989599997,
        3.0181902299599996,
        3.1902181819599997,
        3.1627854269599998,
        3.1599391299599997,
        3.0230704449599997,
        3.15277163296,
        3.0086185829599996,
        3.16123885896,
        3.0064055819599997,
        3.15536773896,
        3.02541717596,
        3.1460295389599997,
        3.0203070189599996,
        3.17219144296,
        3.00151609496,
        3.16553640196,
        3.1648165529599996,
        2.9748407429599997,
        3.17212846196,
        3.0241791379599996,
        3.17801063796,
        3.0123066809599996,
        3.03142426996,
        3.0324765989599998,
        3.1669254159599998,
        3.02490241896,
        3.1641024119599996,
        3.0055929779599997,
        3.08590515496,
        3.1773253849599996,
        3.2391674779599997,
        3.21745270996,
        2.7774294239599997,
        3.01198750496,
        3.01364881196,
        3.13730069896,
        2.97760360796,
        2.8299647529599996,
        3.1655640629599997,
        2.81543089896,
        3.1552662139599996,
        2.84235308296,
        3.1336691009599997,
        2.9977797589599997,
        3.1498708979599996,
        3.00116939696,
        3.15254468796,
        3.1480619439599997,
        3.14567721796,
        2.97384871496,
        3.14224174196,
        2.99991346896,
        3.14696527496,
        2.9880409209599996,
        2.75040255396,
        3.14839547396,
        3.13247457596,
        2.9839929539599996,
        3.1501403509599997,
        2.98860140496,
        3.14918128396,
        2.99179707996,
        3.03364292396,
        3.1471829899599997,
        2.96186386696,
        3.0086626809599997,
        3.1459427389599997,
        2.99200373996,
        3.00355616796,
        3.0327842499599997,
        3.1504332649599998,
        2.98682509996,
        3.1417078409599997,
        2.93248558696,
        3.13745274896,
        2.96142551696,
        3.13112268096,
        2.98898297696,
        3.1295116629599997,
        2.96353711696,
        3.1230483159599998,
        2.9261437949599998,
        3.1407280859599997,
        2.97540959596,
        2.97761921996,
        3.13512596696,
        2.9585377719599997,
        3.13185745796,
        2.93225885096,
        3.14317987396,
        2.97765013796,
        3.12324100696,
        2.9629754889599997,
        3.14098469096,
        2.92261620296,
        3.14626400996,
        2.92943900696
      ],
      "exit_codes": [
        0,
        0,
        0,
        0,
        0,
        0,
        0,
        0,
        0,
        0,
        0,
        0,
        0,
        0,
        0,
        0,
        0,
        0,
        0,
        0,
        0,
        0,
        0,
        0,
        0,
        0,
        0,
        0,
        0,
        0,
        0,
        0,
        0,
        0,
        0,
        0,
        0,
        0,
        0,
        0,
        0,
        0,
        0,
        0,
        0,
        0,
        0,
        0,
        0,
        0,
        0,
        0,
        0,
        0,
        0,
        0,
        0,
        0,
        0,
        0,
        0,
        0,
        0,
        0,
        0,
        0,
        0,
        0,
        0,
        0,
        0,
        0,
        0,
        0,
        0,
        0,
        0,
        0,
        0,
        0,
        0,
        0,
        0,
        0,
        0,
        0,
        0,
        0,
        0,
        0,
        0,
        0,
        0,
        0,
        0,
        0,
        0,
        0,
        0,
        0
      ]
    }
  ]
}
